<?xml version="1.0" encoding="UTF-8"?>
<root><model name="creep_v0.1">creep</model><predictor><input name="Stress_(MPa)&#xA;" id="0" min="30" max="400" pivot="138.15" grid="15"/><input name="Cr&#xA;" id="1" min="15" max="20" pivot="18.45" grid="17"/><input name="Ni&#xA;" id="2" min="6" max="20" pivot="13.51" grid="19"/><input name="Mo&#xA;" id="3" min="2" max="3.09" pivot="0.76" grid="20"/><input name="Mn&#xA;" id="4" min="0" max="15" pivot="1.65" grid="11"/><input name="Si&#xA;" id="5" min="0" max="1.27" pivot="0.57" grid="11"/><input name="Nb&#xA;" id="6" min="0" max="4.97" pivot="0.28" grid="11"/><input name="Ti&#xA;" id="7" min="0" max="0.56" pivot="0.12" grid="11"/><input name="Zr&#xA;" id="8" min="0" max="0" pivot="0" grid="11"/><input name="Ta&#xA;" id="9" min="0" max="0" pivot="0" grid="11"/><input name="V&#xA;" id="10" min="0" max="0.5" pivot="0.02" grid="11"/><input name="W&#xA;" id="11" min="0" max="4.64" pivot="0.01" grid="11"/><input name="Cu&#xA;" id="12" min="0" max="3" pivot="0.23" grid="11"/><input name="N&#xA;" id="13" min="0" max="0.2" pivot="0.02" grid="11"/><input name="C&#xA;" id="14" min="0" max="0.44" pivot="0.09" grid="11"/><input name="B&#xA;" id="15" min="0" max="0.08" pivot="0" grid="11"/><input name="P&#xA;" id="16" min="0" max="0.04" pivot="0.02" grid="11"/><input name="S&#xA;" id="17" min="0" max="0.03" pivot="0.01" grid="11"/><input name="Co&#xA;" id="18" min="0" max="0.54" pivot="0.04" grid="11"/><input name="Al&#xA;" id="19" min="0" max="3.93" pivot="0.07" grid="11"/><input name="Sn&#xA;" id="20" min="0" max="0.02" pivot="0" grid="11"/><input name="Pb&#xA;" id="21" min="0" max="0.01" pivot="0" grid="11"/><input name="SR&#xA;" id="22" min="0" max="5.85" pivot="0.77" grid="11"/></predictor></root>
